{
  "Adobe.txt": 20.415922515562553,
  "Amazon.txt": 19.70105130956835,
  "apple.txt": 18.467113818122407,
  "Binance.txt": 18.36368342820195,
  "blackberry.txt": 20.95121617692419,
  "Dell.txt": 23.777077970408513,
  "flipkart.txt": 17.637198160144237,
  "google.txt": 28.673270784101238,
  "HP.txt": 19.841162783195923,
  "huawei.txt": 18.17205593877504,
  "Lenovo.txt": 18.99517761732703,
  "levis.txt": 16.059498091443693,
  "messenger.txt": 20.53555040074971,
  "microsoft.txt": 21.832475853302977,
  "motorola.txt": 21.42947965430306,
  "nike.txt": 22.802800150242238,
  "nokia.txt": 18.118987407561214,
  "Ola.txt": 22.185961429912503,
  "operating.txt": 18.938514134778483,
  "paypal.txt": 17.422140706956565,
  "puma.txt": 17.53629351735242,
  "reliance.txt": 19.7262248043733,
  "samsung.txt": 15.746581508688013,
  "sony.txt": 22.90818414406872,
  "spotify.txt": 16.725721619056923,
  "telegram.txt": 17.843075586700408,
  "Uber.txt": 19.068250328387734,
  "volkswagen.txt": 18.260187460160118,
  "yahoo.txt": 16.59807645052123,
  "youtube.txt": 19.980974154542736,
  "shakespeare.txt": 21.183031037985913,
  "steam.txt": 18.214923835306806,
  "zomato.txt": 25.84014795965396,
  "bing.txt": 19.53725669958831,
  "swiggy.txt": 15.917256864530234,
  "canva.txt": 16.845975370400307,
  "Discord.txt": 18.079074628802257,
  "instagram.txt": 18.431810650136846,
  "skype.txt": 16.94918227431868,
  "whatsapp.txt": 21.063765041220538,
  "reddit.txt": 22.24480996878173
}